[
  {
    "name": "Rajesh Kumar",
    "flat": "A-101",
    "phone": "+91 98765 43210",
    "email": "rajesh@example.com",
    "pending_bills": 5000
  },
  {
    "name": "Priya Sharma",
    "flat": "A-102",
    "phone": "+91 98765 43211",
    "email": "priya@example.com",
    "pending_bills": 5000
  },
  {
    "name": "Amit Patel",
    "flat": "B-201",
    "phone": "+91 98765 43212",
    "email": "amit@example.com",
    "pending_bills": 6000
  },
  {
    "name": "Akshay Singh",
    "flat": "B-204",
    "phone": "+91 98765 43211",
    "email": "akshay@example.com",
    "pending_bills": 0
  },
  {
    "name": "Yash Jade",
    "flat": "B-204",
    "phone": "+91 98765 43211",
    "email": "jadeyash07@gmail.com"
  }
]